,,,,,,,,,,,,,,,,,,,,,,,,,
,日付,総回転数,通常時回転数,ボーナス回転数,BIG,REG,ベル(通常時),スイカ(BIG前半),スイカ(REG),BIG後半サイド：青,BIG後半サイド：黃,BIG後半サイド：緑,BIG後半サイド：赤,BIG後半サイド：虹,BIG筐体：青,BIG筐体：黃,BIG筐体：緑,BIG筐体：紫,BIG筐体：虹,REG筐体：青,REG筐体：黃,REG筐体：緑,REG筐体：紫,レトロ達成,レトロ発生
,2026/1/22,422,376,46,1,2,53,4,1,0,0,0,1,0,0,0,0,0,0,0,0,0,0,0,0
,2026/2/9,1845,1571,274,9,4,211,8,1,2,4,1,2,0,1,1,0,0,0,0,0,0,0,4,0
,2026/2/11,11566,10500,1066,36,13,1455,22,1,11,7,14,4,0,0,2,2,2,0,0,0,0,0,10,1
,2026/2/12,1581,1453,128,3,5,209,2,0,1,0,1,1,0,0,0,0,0,0,0,0,0,0,0,0
,2026/2/13,6407,5725,682,22,11,772,13,1,5,6,5,5,0,1,3,1,0,0,0,0,0,0,5,1
,2026/2/14,6461,5685,776,21,23,774,16,8,6,6,9,0,0,1,0,0,0,0,0,0,0,0,5,0
,2026/2/15,5544,4990,554,19,6,652,12,0,4,4,5,6,0,0,1,0,0,0,0,0,0,0,4,0
,2026/2/20,5116,4700,416,11,13,598,6,2,3,3,2,2,0,1,1,0,0,0,0,0,0,0,3,0
,2026/2/21,11638,10150,1488,48,24,1413,18,5,8,16,9,15,0,1,0,1,1,0,0,0,0,0,21,2
,2026/2/26,966,904,62,2,1,130,2,0,1,1,0,0,0,0,0,0,0,0,0,0,0,0,1,0
,2026/3/6,3419,3135,284,9,5,416,3,0,0,8,0,1,0,1,0,0,0,0,0,0,0,0,4,0
,2026/3/8,822,750,72,2,2,103,2,0,0,1,1,0,0,0,0,0,0,0,0,0,0,0,0,0
,2026/3/10,796,666,130,5,0,99,4,0,2,2,0,1,0,0,0,1,0,0,0,0,0,0,3,0
,2026/3/11,3721,3475,246,6,9,467,2,0,2,2,2,0,0,0,0,0,0,0,0,0,0,0,0,0
,2026/3/12,2596,2250,346,11,6,317,6,2,3,2,1,5,0,0,0,0,0,0,0,0,0,0,0,0
,2026/3/13,11709,10641,1068,33,21,1533,16,3,7,8,10,8,0,2,1,0,2,0,0,2,0,0,10,1
,2026/3/14,2358,2100,258,8,5,267,9,1,2,4,1,1,0,0,0,0,0,0,0,0,0,0,1,0
,2026/3/19,11456,9984,1472,47,25,1355,34,4,17,10,8,12,0,1,3,0,1,0,0,0,0,0,20,3
,2026/3/22,5929,5335,594,19,10,738,15,1,6,8,3,3,0,1,2,0,0,0,0,0,0,0,7,0
,2026/3/23,3708,3300,408,13,7,435,5,1,3,4,3,3,0,0,0,0,0,0,0,0,0,0,3,0
,2026/3/24,11516,10060,1456,46,26,1270,25,3,16,9,15,6,0,2,1,0,0,0,0,0,0,0,22,0
,2026/3/27,664,550,114,4,1,73,3,1,2,0,1,1,0,0,0,0,0,0,0,0,0,0,1,0
,2026/3/28,1018,900,118,3,4,120,2,0,2,0,1,0,0,0,0,0,0,0,0,0,0,0,0,0
,2026/3/30,2264,2000,264,9,3,260,5,0,2,5,0,2,0,0,0,0,0,0,0,0,0,0,4,0
,2026/4/1,11651,10413,1238,38,25,1410,14,6,9,13,9,7,0,1,1,1,0,0,1,1,0,0,22,1
,2026/4/3,11704,10480,1224,39,21,1423,20,5,19,6,11,3,0,1,0,1,1,0,0,2,0,0,16,1
,2026/4/9,5334,4700,634,19,14,650,8,1,6,5,3,5,0,0,0,0,0,0,0,0,0,0,6,0
,2026/4/10,1543,1461,82,2,3,188,0,0,0,1,0,1,0,0,0,0,0,0,0,0,0,0,0,0
,2026/4/17,11752,10458,1294,39,28,1464,25,5,13,9,7,10,0,2,0,1,1,0,0,2,0,1,17,2
,2026/4/20,8190,7188,1002,32,17,1045,20,4,17,1,11,3,0,1,2,0,2,0,0,0,0,0,15,3
,2026/4/21,1124,1000,124,4,2,119,3,0,1,2,1,0,0,0,0,0,0,0,0,0,0,0,0,0
,2026/4/21,437,427,10,0,1,52,0,0,0,0,0,0,0,0,0,0,0,0,0,0,0,0,0,0
,2026/4/24,2486,2250,236,6,8,312,3,0,2,2,0,2,0,0,1,0,1,0,0,0,0,0,3,0
,2026/4/29,7878,7000,878,28,15,1007,18,3,13,5,6,4,0,0,2,1,2,0,0,1,0,0,11,1
,2026/5/15,6534,5922,612,17,17,833,7,2,4,3,5,5,0,1,0,0,1,0,0,0,0,0,6,0
,2026/5/25,11359,10281,1078,33,22,1428,16,1,14,11,7,1,0,0,3,2,0,0,1,0,0,0,15,0
,2026/6/12,11593,9913,1680,55,25,1339,32,8,15,8,20,12,0,0,0,4,0,0,1,1,0,0,27,6
,2026/6/13,886,700,186,6,3,108,3,0,2,0,3,1,0,2,0,1,0,0,0,0,0,0,2,0
,2026/6/15,8516,7500,1016,31,21,1015,24,1,7,8,12,4,0,2,0,0,0,0,0,0,0,0,14,3